probe_id,probe_seq,target_id,target_seq,target_type,save_supporting_files
558,ACCATTACCACAGGTAACGGTGCGG,target_226_250_190_255,CCGCACCGTTACCTGTGGTAATGGT,DNA,False
562,TCGACGATCTCTTTGCCGCGCGCGT,target_2510_2534_337_2799,ACGCGCGCGGCAAAGAGATCGTCGA,DNA,False
570,CGTTGGTACTGCGCGGATATGGTGC,target_2702_2726_337_2799,GCACCATATCCGCGCAGTACCAACG,DNA,False
592,CTGGCAACTGAAAGAGCTGGGTTAT,target_4693_4717_3734_5020,ATAACCCAGCTCTTTCAGTTGCCAG,DNA,False
592,CTGGCAACTGAAAGAGCTGGGTTAT,target_3910588_3910612_3909862_3911691,GTAACCCAGCTCTTTCGACAGACGC,DNA,False
599,CGTGGAAGCGATTCTCGGTGAAACG,target_4888_4912_3734_5020,CGTTTCACCGAGAATCGCTTCCACG,DNA,False
599,CGTGGAAGCGATTCTCGGTGAAACG,target_1020744_1020768_1020361_1020990,CACCTCCCCGAGAATCGCTTCCAGA,DNA,False
609,TCCCGTCAGTAAAATTACAGATAGG,target_5319_5343_5234_5530,CCTATCTGTAATTTTACTGACGGGA,DNA,False
619,TCACGGCGGTCATGGTCCAGGCAAA,target_5494_5518_5234_5530,TTTGCCTGGACCATGACCGCCGTGA,DNA,False
624,CAACAAGCTGAACGAGGCGCTCGCA,target_5980_6004_5683_6459,TGCGAGCGCCTCGTTCAGCTTGTTG,DNA,False
